PLAYER_NAME,TEAM_ABBREVIATION,GP,MIN,PTS,AST,REB,FG3M,STL,BLK,PTS+REB,PTS+AST,REB+AST,PTS+REB+AST
Nikola Jokić,DEN,32,34.6,29.6,11.0,12.2,2.1,1.4,0.8,41.8,40.6,23.2,52.8
Luka Dončić,LAL,34,36.3,33.5,8.7,7.7,3.4,1.6,0.5,41.2,42.2,16.4,49.9
Giannis Antetokounmpo,MIL,28,29.0,28.5,5.5,9.8,0.5,0.9,0.8,38.3,34.0,15.3,43.8
Shai Gilgeous-Alexander,OKC,42,33.4,31.8,6.2,4.3,1.9,1.3,0.8,36.1,38.0,10.5,42.3
Cade Cunningham,DET,36,35.5,25.7,9.8,5.9,1.9,1.4,0.8,31.6,35.5,15.7,41.4
Jalen Johnson,ATL,41,35.5,23.0,8.0,10.2,1.6,1.2,0.5,33.2,31.0,18.2,41.2
Tyrese Maxey,PHI,40,39.5,30.0,6.7,4.4,3.6,2.1,1.0,34.4,36.7,11.1,41.1
Jaylen Brown,BOS,39,34.1,29.8,4.7,6.6,2.2,0.9,0.4,36.4,34.5,11.3,41.1
Deni Avdija,POR,41,35.3,26.2,6.9,7.1,2.3,0.9,0.6,33.3,33.1,14.0,40.2
Donovan Mitchell,CLE,40,34.0,29.0,5.7,4.8,3.8,1.5,0.3,33.8,34.7,10.5,39.5
James Harden,LAC,40,35.6,26.0,8.0,4.8,3.1,1.3,0.4,30.8,34.0,12.8,38.8
Anthony Edwards,MIN,35,35.2,29.9,3.7,5.0,3.5,1.3,0.8,34.9,33.6,8.7,38.6
Victor Wembanyama,SAS,30,28.7,24.4,2.9,10.8,1.8,0.8,2.5,35.2,27.3,13.7,38.1
Austin Reaves,LAL,23,35.3,26.6,6.3,5.2,2.7,1.0,0.2,31.8,32.9,11.5,38.1
Kawhi Leonard,LAC,30,33.8,28.2,3.5,6.3,2.9,2.2,0.6,34.5,31.7,9.8,38.0
Jamal Murray,DEN,40,35.4,26.0,7.4,4.4,3.4,1.0,0.3,30.4,33.4,11.8,37.8
Jalen Brunson,NYK,38,34.5,28.1,6.1,3.2,2.9,0.7,0.1,31.3,34.2,9.3,37.4
Lauri Markkanen,UTA,33,36.0,27.9,2.2,7.2,2.9,1.0,0.5,35.1,30.1,9.4,37.3
Alperen Sengun,HOU,34,34.2,21.5,6.4,9.3,0.6,1.4,1.0,30.8,27.9,15.7,37.2
Josh Giddey,CHI,30,32.8,19.2,9.0,8.9,1.9,0.9,0.4,28.1,28.2,17.9,37.1
Michael Porter Jr.,BKN,33,33.2,25.7,3.2,7.4,3.8,1.1,0.2,33.1,28.9,10.6,36.3
Stephen Curry,GSW,35,31.6,27.1,5.1,3.7,4.5,1.1,0.4,30.8,32.2,8.8,35.9
Kevin Durant,HOU,39,36.6,25.9,4.6,5.4,2.2,0.7,0.9,31.3,30.5,10.0,35.9
Devin Booker,PHX,40,34.1,25.3,6.3,4.0,1.6,0.9,0.3,29.3,31.6,10.3,35.6
Karl-Anthony Towns,NYK,40,32.3,21.0,3.0,11.6,1.7,0.9,0.7,32.6,24.0,14.6,35.6
LeBron James,LAL,25,33.2,22.5,7.0,6.0,1.6,1.0,0.7,28.5,29.5,13.0,35.5
Keyonte George,UTA,43,34.4,24.4,6.7,4.0,2.6,1.0,0.3,28.4,31.1,10.7,35.1
Julius Randle,MIN,44,33.7,22.4,5.4,7.0,1.6,1.1,0.2,29.4,27.8,12.4,34.8
Paolo Banchero,ORL,32,33.9,20.9,5.0,8.8,1.0,0.7,0.7,29.7,25.9,13.8,34.7
Pascal Siakam,IND,42,33.9,23.6,4.0,6.9,1.8,1.2,0.4,30.5,27.6,10.9,34.5
Joel Embiid,PHI,23,29.6,24.2,3.3,7.0,1.0,0.6,1.1,31.2,27.5,10.3,34.5
Anthony Davis,DAL,20,31.3,20.4,2.8,11.1,0.5,1.1,1.7,31.5,23.2,13.9,34.3
Scottie Barnes,TOR,44,34.6,19.7,5.5,8.2,1.0,1.3,1.3,27.9,25.2,13.7,33.4
LaMelo Ball,CHA,33,27.5,19.9,7.6,5.0,3.4,1.2,0.2,24.9,27.5,12.6,32.5
Trey Murphy III,NOP,41,35.7,22.2,3.6,6.1,3.1,1.5,0.3,28.3,25.8,9.7,31.9
Franz Wagner,ORL,26,32.8,22.2,3.6,6.1,1.5,1.1,0.3,28.3,25.8,9.7,31.9
Zion Williamson,NOP,29,29.3,22.5,3.5,5.8,0.0,1.2,0.6,28.3,26.0,9.3,31.8
Brandon Ingram,TOR,43,34.0,21.7,3.8,6.0,1.8,0.8,0.8,27.7,25.5,9.8,31.5
Amen Thompson,HOU,41,37.2,18.5,5.1,7.7,0.4,1.3,0.6,26.2,23.6,12.8,31.3
Evan Mobley,CLE,38,33.2,17.8,4.2,8.6,1.2,1.0,1.9,26.4,22.0,12.8,30.6
Jimmy Butler III,GSW,38,31.1,20.0,4.9,5.6,0.8,1.4,0.2,25.6,24.9,10.5,30.5
Domantas Sabonis,SAC,14,30.2,15.4,3.6,11.4,0.3,1.0,0.2,26.8,19.0,15.0,30.4
Ja Morant,MEM,19,28.3,19.3,7.8,3.3,1.0,1.0,0.2,22.6,27.1,11.1,30.4
Jalen Duren,DET,34,28.3,17.8,1.8,10.7,0.0,0.9,0.9,28.5,19.6,12.5,30.3
De'Aaron Fox,SAS,35,32.4,20.2,6.0,4.1,2.0,1.3,0.3,24.3,26.2,10.1,30.3
Norman Powell,MIA,38,30.9,23.7,2.7,3.7,3.1,1.2,0.2,27.4,26.4,6.4,30.1
Nikola Vučević,CHI,42,30.7,17.0,3.8,9.1,1.7,0.7,0.6,26.1,20.8,12.9,29.9
Trae Young,WAS,10,28.0,19.3,8.9,1.5,1.8,1.0,0.1,20.8,28.2,10.4,29.7
Bam Adebayo,MIA,36,30.8,17.2,2.8,9.6,1.5,0.9,0.8,26.8,20.0,12.4,29.6
Tyler Herro,MIA,11,31.7,21.9,2.7,4.7,2.2,1.0,0.5,26.6,24.6,7.4,29.3
Kevin Porter Jr.,MIL,23,33.6,16.8,7.4,5.0,1.7,2.1,0.4,21.8,24.2,12.4,29.2
Cooper Flagg,DAL,41,33.9,18.8,4.1,6.3,1.0,1.3,0.8,25.1,22.9,10.4,29.2
Miles Bridges,CHA,42,33.0,19.1,3.6,6.4,2.3,0.5,0.5,25.5,22.7,10.0,29.1
Stephon Castle,SAS,35,30.8,16.9,7.0,5.0,1.1,1.3,0.3,21.9,23.9,12.0,28.9
Shaedon Sharpe,POR,40,30.0,21.8,2.6,4.5,2.0,1.5,0.1,26.3,24.4,7.1,28.9
Russell Westbrook,SAC,44,29.7,15.4,7.0,6.2,2.0,1.4,0.2,21.6,22.4,13.2,28.6
RJ Barrett,TOR,23,30.4,19.6,3.7,5.0,1.9,0.8,0.2,24.6,23.3,8.7,28.3
Walker Kessler,UTA,5,30.8,14.4,3.0,10.8,1.2,1.4,1.8,25.2,17.4,13.8,28.2
Ivica Zubac,LAC,37,31.2,14.8,2.4,10.8,0.0,0.4,0.9,25.6,17.2,13.2,28.0
Chet Holmgren,OKC,38,29.0,18.0,1.6,8.4,1.4,0.6,2.0,26.4,19.6,10.0,28.0
Nickeil Alexander-Walker,ATL,43,32.9,20.7,3.5,3.7,3.1,1.1,0.6,24.4,24.2,7.2,27.9
Desmond Bane,ORL,42,33.9,18.9,4.5,4.5,1.6,0.8,0.5,23.4,23.4,9.0,27.9
Kon Knueppel,CHA,42,32.3,19.0,3.5,5.3,3.4,0.7,0.2,24.3,22.5,8.8,27.8
Derrick White,BOS,41,34.2,17.7,5.4,4.6,3.0,1.3,1.5,22.3,23.1,10.0,27.7
Brandon Miller,CHA,26,30.0,19.8,3.4,4.3,2.9,0.9,1.0,24.1,23.2,7.7,27.5
Onyeka Okongwu,ATL,43,32.1,16.1,3.4,7.9,1.9,1.2,1.0,24.0,19.5,11.3,27.4
Alex Sarr,WAS,33,27.8,17.2,2.8,7.4,1.0,0.8,2.2,24.6,20.0,10.2,27.4
Andrew Nembhard,IND,34,31.9,17.6,7.1,2.6,1.9,0.9,0.1,20.2,24.7,9.7,27.3
Darius Garland,CLE,26,30.5,18.0,6.9,2.4,2.3,0.8,0.1,20.4,24.9,9.3,27.3
Immanuel Quickley,TOR,42,32.4,16.9,6.2,4.1,2.6,1.2,0.1,21.0,23.1,10.3,27.2
Jalen Williams,OKC,24,29.6,16.8,5.6,4.8,0.8,1.3,0.4,21.6,22.4,10.4,27.2
Jrue Holiday,POR,16,29.9,15.1,7.1,5.0,2.3,1.4,0.2,20.1,22.2,12.1,27.2
Aaron Gordon,DEN,21,28.2,18.0,2.4,6.2,1.9,0.6,0.2,24.2,20.4,8.6,26.6
Coby White,CHI,22,28.5,18.5,4.6,3.5,2.5,0.8,0.1,22.0,23.1,8.1,26.6
Jerami Grant,POR,28,29.8,19.9,2.6,3.9,2.5,0.7,0.6,23.8,22.5,6.5,26.4
DeMar DeRozan,SAC,44,33.6,19.1,4.0,3.3,0.8,1.4,0.3,22.4,23.1,7.3,26.4
Payton Pritchard,BOS,41,32.7,16.6,5.3,4.4,2.5,0.9,0.1,21.0,21.9,9.7,26.3
Ryan Rollins,MIL,42,31.6,16.2,5.5,4.5,2.2,1.5,0.4,20.7,21.7,10.0,26.2
Jaren Jackson Jr.,MEM,39,30.5,18.8,1.8,5.5,1.7,0.9,1.5,24.3,20.6,7.3,26.1
Kyshawn George,WAS,33,31.2,15.5,4.9,5.6,2.2,1.1,0.9,21.1,20.4,10.5,26.0
Zach Edey,MEM,11,25.8,13.6,1.1,11.1,0.1,0.6,1.9,24.7,14.7,12.2,25.8
CJ McCollum,ATL,40,30.3,18.6,3.6,3.5,2.5,0.7,0.3,22.1,22.2,7.1,25.7
Jusuf Nurkić,UTA,34,26.1,10.9,4.5,10.2,0.6,1.4,0.4,21.1,15.4,14.7,25.6
Dillon Brooks,PHX,38,30.8,20.5,1.7,3.4,2.5,1.1,0.1,23.9,22.2,5.1,25.6
Jaime Jaquez Jr.,MIA,39,28.8,15.6,4.7,5.2,0.5,0.8,0.2,20.8,20.3,9.9,25.5
Bennedict Mathurin,IND,24,32.1,17.8,2.2,5.5,2.2,0.7,0.2,23.3,20.0,7.7,25.5
VJ Edgecombe,PHI,38,35.8,15.8,4.2,5.3,2.2,1.5,0.5,21.1,20.0,9.5,25.3
Zach LaVine,SAC,32,32.4,19.8,2.3,2.9,2.7,0.7,0.3,22.7,22.1,5.2,25.0
Kristaps Porziņģis,ATL,17,24.3,17.1,2.7,5.1,1.8,0.5,1.3,22.2,19.8,7.8,24.9
Paul George,PHI,23,29.8,15.9,3.7,5.2,2.3,1.3,0.5,21.1,19.6,8.9,24.8
Josh Hart,NYK,32,30.5,12.0,5.2,7.6,1.6,1.3,0.3,19.6,17.2,12.8,24.8
Dyson Daniels,ATL,43,34.1,11.8,6.2,6.7,0.2,1.9,0.5,18.5,18.0,12.9,24.7
Mikal Bridges,NYK,43,34.9,15.9,4.2,4.5,2.3,1.6,0.9,20.4,20.1,8.7,24.6
Isaiah Hartenstein,OKC,24,26.9,11.2,3.0,10.4,0.0,1.1,0.8,21.6,14.2,13.4,24.6
Nic Claxton,BKN,39,29.7,12.8,4.1,7.6,0.1,0.7,1.4,20.4,16.9,11.7,24.5
Derik Queen,NOP,44,26.0,12.6,4.3,7.5,0.2,1.0,0.9,20.1,16.9,11.8,24.4
Rudy Gobert,MIN,42,31.7,11.0,1.8,11.4,0.0,0.7,1.7,22.4,12.8,13.2,24.2
Jabari Smith Jr.,HOU,40,34.9,15.5,1.8,6.9,2.3,0.7,0.9,22.4,17.3,8.7,24.2
Donovan Clingan,POR,40,27.4,11.3,1.9,10.9,0.9,0.5,1.3,22.2,13.2,12.8,24.1
Anthony Black,ORL,42,30.6,15.9,4.0,4.1,1.6,1.3,0.6,20.0,19.9,8.1,24.0
P.J. Washington,DAL,31,31.4,14.6,1.9,7.4,1.3,1.0,1.4,22.0,16.5,9.3,23.9
Santi Aldama,MEM,41,28.0,14.0,3.0,6.7,1.6,0.9,0.7,20.7,17.0,9.7,23.7
Andrew Wiggins,MIA,40,31.6,15.9,2.8,4.9,1.9,1.2,1.0,20.8,18.7,7.7,23.6
Deandre Ayton,LAL,37,29.1,13.9,0.9,8.8,0.0,0.7,1.0,22.7,14.8,9.7,23.6
Jarrett Allen,CLE,32,26.7,13.5,2.1,7.9,0.0,1.0,0.8,21.4,15.6,10.0,23.5
OG Anunoby,NYK,33,32.8,15.8,2.2,5.5,1.9,1.7,0.7,21.3,18.0,7.7,23.5
Jalen Suggs,ORL,23,25.4,15.0,4.7,3.7,1.9,1.9,0.5,18.7,19.7,8.4,23.4
Cedric Coward,MEM,38,26.6,14.0,2.9,6.5,1.5,0.5,0.3,20.5,16.9,9.4,23.4
Naz Reid,MIN,44,26.2,14.5,2.4,6.2,2.4,0.9,0.8,20.7,16.9,8.6,23.1
Saddiq Bey,NOP,38,29.9,15.1,2.2,5.7,1.6,0.9,0.1,20.8,17.3,7.9,23.0
Grayson Allen,PHX,27,29.4,16.3,3.8,2.9,3.4,1.5,0.3,19.2,20.1,6.7,23.0
Jaden McDaniels,MIN,42,32.2,15.0,2.9,4.5,1.4,1.1,1.0,19.5,17.9,7.4,22.4
Wendell Carter Jr.,ORL,40,30.3,12.5,2.2,7.7,1.2,0.7,0.8,20.2,14.7,9.9,22.4
Obi Toppin,IND,3,27.4,14.0,1.7,6.7,1.0,1.0,0.0,20.7,15.7,8.4,22.4
Collin Gillespie,PHX,44,28.1,13.4,4.8,4.1,2.9,1.4,0.3,17.5,18.2,8.9,22.3
Keegan Murray,SAC,19,35.9,14.6,1.5,6.1,1.3,1.2,1.6,20.7,16.1,7.6,22.2
Cam Thomas,BKN,18,25.1,17.3,3.1,1.8,1.8,0.2,0.1,19.1,20.4,4.9,22.2
Donte DiVincenzo,MIN,44,31.8,13.2,4.3,4.6,3.0,1.3,0.5,17.8,17.5,8.9,22.1
Kel'el Ware,MIA,43,23.8,11.6,0.6,9.8,1.2,0.9,1.1,21.4,12.2,10.4,22.0
Matas Buzelis,CHI,43,27.9,15.0,1.9,5.1,1.8,0.7,1.4,20.1,16.9,7.0,22.0
Naji Marshall,DAL,44,28.9,14.2,2.9,4.7,0.9,1.1,0.1,18.9,17.1,7.6,21.8
Quentin Grimes,PHI,40,31.2,13.8,3.7,4.0,2.1,1.0,0.5,17.8,17.5,7.7,21.5
Mark Williams,PHX,39,24.0,12.2,1.0,8.3,0.0,1.1,1.0,20.5,13.2,9.3,21.5
Devin Vassell,SAS,32,31.9,15.0,2.4,4.0,2.7,0.9,0.5,19.0,17.4,6.4,21.4
Ajay Mitchell,OKC,42,26.3,14.0,3.7,3.5,1.1,1.4,0.3,17.5,17.7,7.2,21.2
Tre Jones,CHI,37,26.8,12.4,5.8,3.0,0.5,1.3,0.2,15.4,18.2,8.8,21.2
Collin Sexton,CHA,34,23.5,14.9,4.1,2.0,1.3,0.8,0.1,16.9,19.0,6.1,21.0
Dennis Schröder,SAC,34,26.5,12.4,5.5,3.1,1.4,0.8,0.1,15.5,17.9,8.6,21.0
Jaylon Tyson,CLE,39,27.4,13.5,2.1,5.4,2.0,1.0,0.5,18.9,15.6,7.5,21.0
Jeremiah Fears,NOP,45,26.5,13.9,3.2,3.7,1.0,1.2,0.2,17.6,17.1,6.9,20.8
Jonathan Kuminga,GSW,19,24.6,12.2,2.5,6.1,0.9,0.3,0.3,18.3,14.7,8.6,20.8
Tobias Harris,DET,26,27.4,13.7,2.5,4.6,1.3,0.8,0.3,18.3,16.2,7.1,20.8
Bobby Portis,MIL,42,23.3,13.1,1.3,6.4,2.0,0.5,0.2,19.5,14.4,7.7,20.8
Peyton Watson,DEN,42,29.7,14.0,1.8,5.0,1.4,1.0,1.0,19.0,15.8,6.8,20.8
Ayo Dosunmu,CHI,37,26.1,14.6,3.6,2.6,1.9,0.8,0.3,17.2,18.2,6.2,20.8
De'Andre Hunter,CLE,39,26.9,14.1,2.2,4.4,1.7,0.6,0.2,18.5,16.3,6.6,20.7
Keldon Johnson,SAS,44,23.8,13.3,1.3,6.1,1.3,0.7,0.1,19.4,14.6,7.4,20.7
Aaron Nesmith,IND,23,30.3,13.4,2.0,5.3,2.5,0.7,0.6,18.7,15.4,7.3,20.7
Toumani Camara,POR,44,33.8,12.9,2.6,5.0,2.5,1.0,0.5,17.9,15.5,7.6,20.5
Kelly Oubre Jr.,PHI,20,31.9,14.1,1.3,4.6,1.8,1.2,0.8,18.7,15.4,5.9,20.0
Brandin Podziemski,GSW,45,26.7,12.3,3.2,4.4,1.8,1.1,0.2,16.7,15.5,7.6,19.9
Cam Spencer,MEM,40,23.8,11.8,5.4,2.7,2.3,0.7,0.1,14.5,17.2,8.1,19.9
Draymond Green,GSW,37,26.8,8.8,5.2,5.8,1.5,0.8,0.7,14.6,14.0,11.0,19.8
Jordan Poole,NOP,26,25.8,15.0,3.1,1.7,2.7,0.7,0.3,16.7,18.1,4.8,19.8
Neemias Queta,BOS,40,24.8,10.2,1.4,8.2,0.0,0.9,1.2,18.4,11.6,9.6,19.8
Jakob Poeltl,TOR,21,25.3,9.7,2.1,7.7,0.0,0.8,0.5,17.4,11.8,9.8,19.5
Julian Champagnie,SAS,44,28.5,11.6,1.5,6.3,2.5,0.9,0.4,17.9,13.1,7.8,19.4
Ausar Thompson,DET,37,25.9,10.8,2.6,5.9,0.1,1.6,0.8,16.7,13.4,8.5,19.3
Jock Landale,MEM,39,22.8,11.3,1.7,6.3,1.1,0.5,0.5,17.6,13.0,8.0,19.3
Kyle Kuzma,MIL,40,26.0,12.6,2.2,4.5,0.9,0.7,0.5,17.1,14.8,6.7,19.3
Noah Clowney,BKN,41,28.6,13.2,1.9,4.1,2.1,0.8,0.8,17.3,15.1,6.0,19.2
Tari Eason,HOU,22,23.5,11.7,1.5,6.0,2.0,1.1,0.6,17.7,13.2,7.5,19.2
Myles Turner,MIL,41,28.3,12.2,1.6,5.3,2.2,0.6,1.5,17.5,13.8,6.9,19.1
John Collins,LAC,40,27.4,13.3,0.8,4.9,1.4,0.9,0.9,18.2,14.1,5.7,19.0
Anfernee Simons,BOS,42,24.2,14.0,2.5,2.4,2.6,0.5,0.1,16.4,16.5,4.9,18.9
Davion Mitchell,MIA,40,29.2,9.0,7.2,2.6,1.2,1.2,0.1,11.6,16.2,9.8,18.8
Reed Sheppard,HOU,41,25.0,13.0,3.2,2.6,2.5,1.4,0.5,15.6,16.2,5.8,18.8
Brandon Williams,DAL,38,22.0,12.1,3.7,2.8,0.5,1.1,0.2,14.9,15.8,6.5,18.6
Jalen Green,PHX,3,16.6,14.3,2.3,2.0,2.7,0.7,0.0,16.3,16.6,4.3,18.6
Max Christie,DAL,40,29.1,12.9,2.2,3.5,2.5,0.5,0.4,16.4,15.1,5.7,18.6
Sam Merrill,CLE,24,25.8,13.8,2.3,2.4,3.5,0.7,0.1,16.2,16.1,4.7,18.5
Royce O'Neale,PHX,44,29.3,10.5,2.9,5.0,2.9,1.2,0.3,15.5,13.4,7.9,18.4
Miles McBride,NYK,32,28.3,13.1,2.7,2.6,3.0,0.8,0.2,15.7,15.8,5.3,18.4
Bub Carrington,WAS,42,28.3,9.7,4.6,3.9,2.0,0.5,0.2,13.6,14.3,8.5,18.2
Moussa Diabaté,CHA,39,24.4,8.1,1.5,8.4,0.0,0.7,1.0,16.5,9.6,9.9,18.0
Maxime Raynaud,SAC,36,23.4,10.1,1.1,6.6,0.3,0.4,0.5,16.7,11.2,7.7,17.8
Isaiah Collier,UTA,36,23.2,8.9,6.6,2.3,0.5,0.8,0.3,11.2,15.5,8.9,17.8
Kevin Huerter,CHI,38,24.2,11.5,2.6,3.7,1.6,0.8,0.6,15.2,14.1,6.3,17.8
Jalen Smith,CHI,36,19.2,9.4,1.4,6.9,1.4,0.4,0.9,16.3,10.8,8.3,17.7
Cameron Johnson,DEN,28,30.6,11.7,2.4,3.6,1.9,0.6,0.3,15.3,14.1,6.0,17.7
Kyle Filipowski,UTA,43,22.5,9.4,2.1,6.2,0.8,0.7,0.5,15.6,11.5,8.3,17.7
Sandro Mamukelashvili,TOR,43,21.5,10.7,1.9,5.0,1.3,0.7,0.6,15.7,12.6,6.9,17.6
Tim Hardaway Jr.,DEN,43,27.4,13.9,1.4,2.3,2.8,0.5,0.2,16.2,15.3,3.7,17.6
Dylan Harper,SAS,34,21.5,10.6,3.6,3.2,0.6,0.9,0.2,13.8,14.2,6.8,17.4
Bilal Coulibaly,WAS,25,26.6,10.1,2.5,4.7,1.0,1.4,0.9,14.8,12.6,7.2,17.3
Tre Johnson,WAS,35,24.7,12.4,2.0,2.8,2.1,0.7,0.3,15.2,14.4,4.8,17.2
Marvin Bagley III,WAS,36,19.3,10.0,1.5,5.7,0.2,0.5,0.7,15.7,11.5,7.2,17.2
Khris Middleton,WAS,29,24.3,9.8,3.3,4.0,0.9,0.8,0.3,13.8,13.1,7.3,17.1
T.J. McConnell,IND,31,17.3,9.9,5.0,2.2,0.4,1.2,0.2,12.1,14.9,7.2,17.1
Luke Kornet,SAS,36,24.3,8.2,2.0,6.8,0.0,0.4,1.3,15.0,10.2,8.8,17.0
Andre Drummond,PHI,35,20.0,7.1,0.8,9.0,0.5,0.5,0.9,16.1,7.9,9.8,16.9
Jaylen Wells,MEM,41,27.1,11.7,1.7,3.5,1.7,0.9,0.1,15.2,13.4,5.2,16.9
Isaiah Stewart,DET,37,23.5,10.1,1.2,5.6,0.9,0.3,2.0,15.7,11.3,6.8,16.9
Zach Collins,CHI,10,18.4,9.7,1.5,5.6,0.9,0.2,0.4,15.3,11.2,7.1,16.8
Egor Dëmin,BKN,36,24.7,10.4,3.4,3.0,2.4,0.9,0.3,13.4,13.8,6.4,16.8
Duncan Robinson,DET,39,28.9,12.1,1.9,2.7,2.9,0.7,0.3,14.8,14.0,4.6,16.7
Day'Ron Sharpe,BKN,39,17.9,7.9,2.4,6.3,0.2,0.9,0.5,14.2,10.3,8.7,16.6
Vince Williams Jr.,MEM,27,21.7,7.7,4.7,4.2,1.3,0.8,0.5,11.9,12.4,8.9,16.6
D'Angelo Russell,DAL,26,19.0,10.2,4.0,2.3,1.3,0.5,0.1,12.5,14.2,6.3,16.5
Malik Monk,SAC,36,22.0,12.1,2.4,2.0,1.9,0.7,0.4,14.1,14.5,4.4,16.5
Caleb Love,POR,36,21.9,11.1,2.6,2.7,2.1,0.6,0.1,13.8,13.7,5.3,16.4
Rui Hachimura,LAL,32,30.7,12.0,0.8,3.5,1.7,0.6,0.3,15.5,12.8,4.3,16.3
Brice Sensabaugh,UTA,41,20.9,11.7,1.5,3.0,1.6,0.7,0.1,14.7,13.2,4.5,16.2
Christian Braun,DEN,14,28.9,9.5,2.5,4.2,0.5,0.6,0.4,13.7,12.0,6.7,16.2
Harrison Barnes,SAS,44,28.4,10.9,2.2,3.0,1.9,0.8,0.2,13.9,13.1,5.2,16.1
Steven Adams,HOU,32,22.8,5.8,1.5,8.6,0.0,0.7,0.6,14.4,7.3,10.1,15.9
Zaccharie Risacher,ATL,36,24.6,11.2,1.4,3.3,1.6,0.9,0.5,14.5,12.6,4.7,15.9
Jordan Goodwin,PHX,41,21.6,9.0,2.2,4.7,1.5,1.4,0.2,13.7,11.2,6.9,15.9
Klay Thompson,DAL,41,22.1,12.0,1.5,2.4,3.0,0.4,0.4,14.4,13.5,3.9,15.9
Marcus Smart,LAL,33,28.4,10.0,2.8,3.1,1.7,1.4,0.3,13.1,12.8,5.9,15.9
Jake LaRavia,LAL,42,27.3,9.5,2.0,4.2,1.2,1.3,0.4,13.7,11.5,6.2,15.7
Ryan Kalkbrenner,CHA,31,24.6,8.7,0.7,6.3,0.0,0.6,1.6,15.0,9.4,7.0,15.7
Pelle Larsson,MIA,36,23.0,9.5,3.2,2.9,0.9,0.6,0.2,12.4,12.7,6.1,15.6
Ace Bailey,UTA,37,24.3,10.5,1.6,3.4,1.4,0.7,0.4,13.9,12.1,5.0,15.5
Herbert Jones,NOP,23,28.3,9.5,2.3,3.7,1.4,1.7,0.3,13.2,11.8,6.0,15.5
Aaron Wiggins,OKC,31,23.2,10.4,1.7,3.4,1.8,0.8,0.6,13.8,12.1,5.1,15.5
De'Anthony Melton,GSW,19,20.7,10.7,2.0,2.7,1.4,1.4,0.5,13.4,12.7,4.7,15.4
Moses Moody,GSW,43,24.4,10.7,1.5,3.0,2.2,0.9,0.6,13.7,12.2,4.5,15.2
Jarace Walker,IND,44,23.1,9.0,1.9,4.3,1.5,0.6,0.4,13.3,10.9,6.2,15.2
Daniel Gafford,DAL,29,20.8,7.8,0.8,6.5,0.0,0.8,1.3,14.3,8.6,7.3,15.1
Mitchell Robinson,NYK,30,19.4,4.8,1.1,9.2,0.0,0.8,1.2,14.0,5.9,10.3,15.1
Terance Mann,BKN,37,25.8,7.8,3.8,3.4,0.9,0.8,0.3,11.2,11.6,7.2,15.0
AJ Green,MIL,39,29.5,10.4,2.0,2.6,3.0,0.6,0.1,13.0,12.4,4.6,15.0
Collin Murray-Boyles,TOR,37,21.5,7.8,2.0,5.1,0.4,0.9,0.7,12.9,9.8,7.1,14.9
Kevin Love,UTA,24,17.5,7.2,1.9,5.7,1.5,0.3,0.3,12.9,9.1,7.6,14.8
Dominick Barlow,PHI,32,24.2,8.2,1.3,5.1,0.4,0.9,0.7,13.3,9.5,6.4,14.6
Jamal Shead,TOR,45,22.1,7.2,5.6,1.8,1.2,1.0,0.1,9.0,12.8,7.4,14.6
Ryan Nembhard,DAL,31,20.6,7.5,5.2,1.9,1.0,0.2,0.0,9.4,12.7,7.1,14.6
Nikola Jović,MIA,33,18.9,8.2,2.7,3.7,1.1,0.7,0.4,11.9,10.9,6.4,14.6
Jonas Valančiūnas,DEN,33,13.3,8.5,1.2,4.7,0.1,0.2,0.6,13.2,9.7,5.9,14.4
Tristan da Silva,ORL,37,23.1,9.6,1.2,3.6,1.5,0.8,0.2,13.2,10.8,4.8,14.4
Precious Achiuwa,SAC,37,20.9,7.6,1.2,5.5,0.4,0.8,0.6,13.1,8.8,6.7,14.3
Kris Dunn,LAC,43,27.5,8.0,3.2,3.0,1.1,1.5,0.2,11.0,11.2,6.2,14.2
Derrick Jones Jr.,LAC,17,24.2,10.4,1.2,2.6,1.3,0.8,1.1,13.0,11.6,3.8,14.2
Ronald Holland II,DET,39,20.9,8.3,1.4,4.4,0.6,1.4,0.4,12.7,9.7,5.8,14.1
Jose Alvarado,NOP,35,22.2,7.9,3.3,2.8,1.6,1.0,0.1,10.7,11.2,6.1,14.0
Kyle Anderson,UTA,16,20.0,7.5,2.9,3.5,0.1,1.3,0.5,11.0,10.4,6.4,13.9
Jay Huff,IND,44,20.0,8.8,1.3,3.8,1.4,0.4,2.1,12.6,10.1,5.1,13.9
Danny Wolf,BKN,27,19.4,7.9,1.8,4.2,1.2,0.7,0.4,12.1,9.7,6.0,13.9
Justin Champagnie,WAS,40,18.5,7.2,1.0,5.7,0.6,0.8,0.6,12.9,8.2,6.7,13.9
Al Horford,GSW,25,19.3,7.0,2.0,4.8,1.6,0.8,1.0,11.8,9.0,6.8,13.8
Isaiah Jackson,IND,31,17.9,7.2,0.8,5.7,0.0,0.7,0.8,12.9,8.0,6.5,13.7
Sam Hauser,BOS,41,23.0,8.7,1.3,3.7,2.6,0.6,0.3,12.4,10.0,5.0,13.7
Kentavious Caldwell-Pope,MEM,40,21.0,8.3,2.9,2.4,1.2,0.9,0.2,10.7,11.2,5.3,13.6
Bogdan Bogdanović,LAC,16,22.5,8.0,2.7,2.9,1.5,0.5,0.1,10.9,10.7,5.6,13.6
Isaiah Joe,OKC,35,19.4,9.7,1.3,2.6,2.3,0.5,0.2,12.3,11.0,3.9,13.6
Quinten Post,GSW,45,18.0,8.1,1.4,4.0,1.6,0.5,0.5,12.1,9.5,5.4,13.5
Svi Mykhailiuk,UTA,37,24.5,8.9,2.0,2.6,1.8,0.5,0.1,11.5,10.9,4.6,13.5
Vít Krejčí,ATL,41,23.7,9.6,1.6,2.2,2.4,0.9,0.3,11.8,11.2,3.8,13.4
Bruce Brown,DEN,44,24.5,7.0,2.2,4.1,0.5,1.0,0.3,11.1,9.2,6.3,13.3
Luguentz Dort,OKC,34,26.8,8.5,1.1,3.7,1.9,0.9,0.6,12.2,9.6,4.8,13.3
Robert Williams III,POR,30,15.9,6.0,1.0,6.2,0.1,0.6,1.3,12.2,7.0,7.2,13.2
Corey Kispert,ATL,24,19.4,9.0,1.6,2.3,1.5,0.5,0.1,11.3,10.6,3.9,12.9
Lonzo Ball,CLE,30,21.2,4.9,4.1,3.9,1.2,1.2,0.3,8.8,9.0,8.0,12.9
Luka Garza,BOS,34,16.5,7.6,0.9,4.3,0.7,0.4,0.5,11.9,8.5,5.2,12.8
Goga Bitadze,ORL,38,16.9,6.2,1.3,5.3,0.1,0.8,1.2,11.5,7.5,6.6,12.8
Tyrese Martin,BKN,33,19.6,7.9,2.0,2.9,1.5,0.7,0.1,10.8,9.9,4.9,12.8
Jordan Clarkson,NYK,43,19.7,9.7,1.3,1.8,1.3,0.5,0.1,11.5,11.0,3.1,12.8
Cam Whitmore,WAS,21,16.9,9.2,0.7,2.8,0.8,0.7,0.4,12.0,9.9,3.5,12.7
Jaylin Williams,OKC,30,17.9,5.7,2.4,4.6,1.2,0.6,0.5,10.3,8.1,7.0,12.7
Walter Clayton Jr.,UTA,39,18.3,7.2,3.4,2.1,1.0,0.6,0.2,9.3,10.6,5.5,12.7
Trendon Watford,PHI,21,16.2,6.4,2.9,3.4,0.4,0.3,0.2,9.8,9.3,6.3,12.7
Jordan Miller,LAC,22,18.1,8.1,1.6,3.0,0.8,0.7,0.2,11.1,9.7,4.6,12.7
Simone Fontecchio,MIA,41,16.5,8.3,1.4,3.0,1.8,0.5,0.1,11.3,9.7,4.4,12.7
Ryan Dunn,PHX,37,21.0,6.5,1.7,4.4,0.8,0.9,0.5,10.9,8.2,6.1,12.6
Cole Anthony,MIL,29,14.7,6.4,3.6,2.6,0.6,0.6,0.3,9.0,10.0,6.2,12.6
Isaac Okoro,CHI,35,25.0,8.4,1.5,2.7,1.0,0.6,0.5,11.1,9.9,4.2,12.6
Dylan Cardwell,SAC,17,18.6,4.8,0.9,6.9,0.0,0.7,1.5,11.7,5.7,7.8,12.6
Caris LeVert,DET,31,19.7,7.9,2.8,1.8,1.1,0.9,0.6,9.7,10.7,4.6,12.5
Cason Wallace,OKC,42,26.4,7.3,2.1,3.1,1.3,2.0,0.2,10.4,9.4,5.2,12.5
Daniss Jenkins,DET,33,15.9,7.4,3.3,1.8,1.0,0.9,0.1,9.2,10.7,5.1,12.5
Tre Mann,CHA,28,16.9,7.8,2.3,2.4,1.3,0.5,0.1,10.2,10.1,4.7,12.5
Ziaire Williams,BKN,30,22.6,9.3,0.7,2.4,1.6,1.2,0.5,11.7,10.0,3.1,12.4
Jaden Ivey,DET,26,17.0,8.4,1.7,2.2,1.2,0.5,0.4,10.6,10.1,3.9,12.3
Yves Missi,NOP,37,18.6,5.5,1.2,5.5,0.0,0.4,1.3,11.0,6.7,6.7,12.2
Charles Bassey,MEM,2,15.3,3.5,1.0,7.5,0.0,0.5,0.5,11.0,4.5,8.5,12.0
Buddy Hield,GSW,38,17.0,8.1,1.4,2.4,1.6,0.8,0.2,10.5,9.5,3.8,11.9
Sion James,CHA,43,25.3,6.3,2.0,3.5,1.1,0.6,0.4,9.8,8.3,5.5,11.8
Micah Potter,IND,13,16.9,6.6,1.5,3.6,1.2,0.3,0.2,10.2,8.1,5.1,11.7
Jalen Pickett,DEN,29,17.9,6.2,2.7,2.8,1.2,0.3,0.1,9.0,8.9,5.5,11.7
Luke Kennard,ATL,39,20.3,7.5,2.2,1.9,1.5,0.8,0.1,9.4,9.7,4.1,11.6
Ben Sheppard,IND,33,22.8,6.4,1.8,3.4,1.2,0.6,0.1,9.8,8.2,5.2,11.6
Landry Shamet,NYK,18,20.4,8.7,1.1,1.8,1.7,0.4,0.2,10.5,9.8,2.9,11.6
Tolu Smith,DET,5,10.9,5.2,0.8,5.6,0.0,0.4,1.0,10.8,6.0,6.4,11.6
Blake Wesley,POR,6,16.3,6.0,3.2,2.3,0.3,1.7,0.2,8.3,9.2,5.5,11.5
Oso Ighodaro,PHX,44,19.9,5.4,1.8,4.3,0.0,1.0,0.5,9.7,7.2,6.1,11.5
Moritz Wagner,ORL,2,12.1,7.5,1.0,3.0,0.5,0.0,0.0,10.5,8.5,4.0,11.5
Quenton Jackson,IND,21,16.2,7.5,2.0,2.0,0.8,0.7,0.2,9.5,9.5,4.0,11.5
Craig Porter Jr.,CLE,39,17.7,4.8,3.1,3.6,0.5,1.0,0.6,8.4,7.9,6.7,11.5
Tidjane Salaün,CHA,28,16.3,6.3,0.9,4.3,1.0,0.4,0.3,10.6,7.2,5.2,11.5
Dereck Lively II,DAL,7,16.5,4.3,1.9,5.3,0.0,0.6,1.6,9.6,6.2,7.2,11.5
Josh Minott,BOS,29,17.6,6.3,1.1,4.0,1.1,0.8,0.4,10.3,7.4,5.1,11.4
Jordan Walsh,BOS,37,19.2,5.9,0.9,4.6,0.7,0.9,0.5,10.5,6.8,5.5,11.4
Gary Trent Jr.,MIL,39,24.7,8.5,1.6,1.3,2.0,0.7,0.1,9.8,10.1,2.9,11.4
Jamaree Bouyea,PHX,19,14.7,7.6,1.7,2.1,0.8,0.6,0.4,9.7,9.3,3.8,11.4
Paul Reed,DET,31,12.2,5.8,1.2,4.3,0.2,0.9,0.6,10.1,7.0,5.5,11.3
Kris Murray,POR,34,25.7,6.1,1.2,4.0,0.6,1.2,0.4,10.1,7.3,5.2,11.3
Jarred Vanderbilt,LAL,33,19.8,4.8,1.3,5.2,0.5,0.8,0.4,10.0,6.1,6.5,11.3
Jaxson Hayes,LAL,34,17.6,6.3,0.8,4.1,0.0,0.4,0.6,10.4,7.1,4.9,11.2
Dean Wade,CLE,35,22.5,5.6,1.5,4.0,1.2,0.7,0.4,9.6,7.1,5.5,11.1
Alex Caruso,OKC,32,18.2,6.1,2.1,2.8,1.0,1.4,0.4,8.9,8.2,4.9,11.0
Bryce McGowens,NOP,28,19.6,7.7,1.3,2.0,0.9,0.6,0.1,9.7,9.0,3.3,11.0
Jeremiah Robinson-Earl,DAL,20,17.7,5.1,0.8,5.1,0.5,0.5,0.1,10.2,5.9,5.9,11.0
Will Richard,GSW,40,19.3,7.1,1.3,2.5,1.2,1.0,0.1,9.6,8.4,3.8,10.9
Dru Smith,MIA,43,16.6,6.1,2.5,2.3,0.7,1.4,0.3,8.4,8.6,4.8,10.9
Javonte Green,DET,41,19.5,7.3,0.8,2.7,1.1,1.4,0.4,10.0,8.1,3.5,10.8
Bradley Beal,LAC,6,20.2,8.2,1.7,0.8,1.2,0.5,0.0,9.0,9.9,2.5,10.7
Patrick Williams,CHI,39,18.4,6.5,1.2,2.9,1.3,0.7,0.3,9.4,7.7,4.1,10.6
KJ Simpson,CHA,14,15.9,6.0,2.5,2.1,0.9,1.1,0.0,8.1,8.5,4.6,10.6
Seth Curry,GSW,2,16.0,7.0,1.5,2.0,1.0,1.0,0.0,9.0,8.5,3.5,10.5
Pat Spencer,GSW,30,13.7,5.4,3.0,2.0,0.6,0.6,0.0,7.4,8.4,5.0,10.4
Kobe Sanders,LAC,35,20.6,6.6,1.5,2.3,1.0,0.6,0.1,8.9,8.1,3.8,10.4
Bones Hyland,MIN,35,13.7,6.5,2.5,1.3,1.1,0.5,0.2,7.8,9.0,3.8,10.3
Grant Williams,CHA,4,14.6,6.5,0.5,3.3,1.3,0.3,0.5,9.8,7.0,3.8,10.3
Tristan Vukcevic,WAS,30,11.4,6.9,1.0,2.4,0.4,0.3,0.7,9.3,7.9,3.4,10.3
GG Jackson,MEM,21,15.1,6.7,0.7,2.8,0.8,0.8,0.4,9.5,7.4,3.5,10.2
Noah Penda,ORL,27,13.9,5.0,1.1,4.1,0.7,0.5,0.4,9.1,6.1,5.2,10.2
Spencer Jones,DEN,39,23.0,6.3,0.9,3.0,1.0,0.9,0.4,9.3,7.2,3.9,10.2
Nae'Qwan Tomlin,CLE,33,15.9,6.2,0.8,3.1,0.4,0.7,0.7,9.3,7.0,3.9,10.1
Sidy Cissoko,POR,39,21.5,6.3,1.5,2.3,1.1,0.7,0.3,8.6,7.8,3.8,10.1
Ben Saraf,BKN,12,16.9,5.4,2.8,1.6,0.8,0.7,0.3,7.0,8.2,4.4,9.8
Gary Payton II,GSW,42,12.7,5.0,1.6,3.2,0.3,0.5,0.3,8.2,6.6,4.8,9.8
Jared McCain,PHI,31,16.7,6.1,1.5,2.1,1.0,0.7,0.0,8.2,7.6,3.6,9.7
Johnny Furphy,IND,26,17.1,5.2,0.7,3.8,0.7,0.6,0.2,9.0,5.9,4.5,9.7
Drake Powell,BKN,30,19.0,6.4,1.7,1.6,0.8,0.6,0.2,8.0,8.1,3.3,9.7
Brook Lopez,LAC,36,17.0,6.3,0.8,2.6,1.4,0.5,1.0,8.9,7.1,3.4,9.7
Kenrich Williams,OKC,24,13.7,5.3,1.5,2.8,0.8,0.6,0.1,8.1,6.8,4.3,9.6
Tyler Kolek,NYK,38,13.4,4.8,2.8,1.9,0.6,0.4,0.1,6.7,7.6,4.7,9.5
DeAndre Jordan,NOP,2,11.7,4.5,0.0,5.0,0.0,0.0,0.0,9.5,4.5,5.0,9.5
Nique Clifford,SAC,40,18.6,5.3,1.3,2.9,0.7,0.6,0.3,8.2,6.6,4.2,9.5
Gradey Dick,TOR,45,16.2,6.5,0.7,2.2,0.9,0.6,0.1,8.7,7.2,2.9,9.4
Mike Conley,MIN,38,18.6,4.8,2.9,1.7,1.0,0.6,0.2,6.5,7.7,4.6,9.4
Mouhamed Gueye,ATL,43,16.1,4.7,1.0,3.6,0.5,0.8,0.6,8.3,5.7,4.6,9.3
Nolan Traore,BKN,21,17.7,5.4,2.7,1.1,0.9,0.4,0.2,6.5,8.1,3.8,9.2
Kevon Looney,NOP,16,14.2,2.6,1.6,5.0,0.1,0.4,0.5,7.6,4.2,6.6,9.2
Jaden Hardy,DAL,31,12.3,6.9,0.8,1.4,1.4,0.2,0.1,8.3,7.7,2.2,9.1
Josh Okogie,HOU,41,19.5,5.5,0.9,2.7,0.9,1.0,0.2,8.2,6.4,3.6,9.1
Ja'Kobe Walter,TOR,37,17.7,6.1,0.9,2.1,1.2,0.9,0.2,8.2,7.0,3.0,9.1
TyTy Washington Jr.,LAC,2,10.9,7.0,1.5,0.5,1.0,1.0,0.5,7.5,8.5,2.0,9.0
Oscar Tshiebwe,UTA,1,14.8,2.0,1.0,6.0,0.0,1.0,0.0,8.0,3.0,7.0,9.0
Javon Small,MEM,14,12.5,4.3,3.3,1.4,0.7,0.3,0.1,5.7,7.6,4.7,9.0
Karlo Matković,NOP,32,12.7,5.0,0.7,3.2,0.4,0.3,0.8,8.2,5.7,3.9,8.9
Moussa Cisse,DAL,25,11.8,4.0,0.2,4.7,0.0,0.4,1.2,8.7,4.2,4.9,8.9
Taylor Hendricks,UTA,31,15.0,5.0,0.7,3.1,0.7,0.4,0.3,8.1,5.7,3.8,8.8
Jase Richardson,ORL,29,12.1,6.0,1.3,1.5,0.8,0.3,0.1,7.5,7.3,2.8,8.8
Taurean Prince,MIL,8,21.1,6.1,1.0,1.6,1.5,0.8,0.3,7.7,7.1,2.6,8.7
PJ Hall,CHA,15,10.3,4.6,0.5,3.5,0.2,0.1,0.6,8.1,5.1,4.0,8.6
Clint Capela,HOU,35,11.4,3.7,0.5,4.4,0.0,0.5,0.7,8.1,4.2,4.9,8.6
Trayce Jackson-Davis,GSW,32,11.9,4.3,0.9,3.3,0.0,0.3,0.6,7.6,5.2,4.2,8.5
Adem Bona,PHI,33,17.1,4.2,0.2,4.0,0.1,0.3,1.4,8.2,4.4,4.2,8.4
Marcus Sasser,DET,11,9.1,5.5,1.7,1.1,1.2,0.6,0.2,6.6,7.2,2.8,8.3
Jeremy Sochan,SAS,26,13.5,4.4,1.1,2.8,0.3,0.4,0.2,7.2,5.5,3.9,8.3
Drew Eubanks,SAC,30,14.0,5.2,0.3,2.7,0.0,0.4,0.6,7.9,5.5,3.0,8.2
Will Riley,WAS,34,13.8,5.1,1.1,2.0,0.4,0.4,0.1,7.1,6.2,3.1,8.2
Nick Smith Jr.,LAL,23,13.1,6.1,1.2,0.8,1.2,0.3,0.1,6.9,7.3,2.0,8.1
Nicolas Batum,LAC,42,20.2,4.7,0.8,2.6,1.5,0.8,0.4,7.3,5.5,3.4,8.1
Cody Williams,UTA,31,17.2,5.3,0.8,2.0,0.4,0.4,0.3,7.3,6.1,2.8,8.1
Branden Carlson,OKC,30,10.9,5.0,0.6,2.5,0.6,0.2,0.5,7.5,5.6,3.1,8.1
Colby Jones,DET,1,6.8,2.0,2.0,4.0,0.0,0.0,0.0,6.0,4.0,6.0,8.0
Chris Paul,LAC,16,14.2,2.9,3.3,1.8,0.6,0.7,0.0,4.7,6.2,5.1,8.0
Micah Peavy,NOP,37,15.8,4.6,1.2,2.1,0.4,0.6,0.1,6.7,5.8,3.3,7.9
Mac McClung,IND,3,11.3,6.3,0.3,1.3,0.7,1.7,0.3,7.6,6.6,1.6,7.9
Hugo González,BOS,37,15.0,3.9,0.6,3.4,0.5,0.6,0.3,7.3,4.5,4.0,7.9
Olivier-Maxence Prosper,MEM,20,11.3,4.8,0.8,2.3,0.4,0.2,0.1,7.1,5.6,3.1,7.9
DaRon Holmes II,DEN,11,14.0,4.6,1.4,1.8,1.2,0.0,0.4,6.4,6.0,3.2,7.8
RayJ Dennis,ATL,15,11.8,4.3,2.0,1.5,0.8,0.3,0.3,5.8,6.3,3.5,7.8
Aaron Holiday,HOU,30,14.0,6.0,1.0,0.8,1.3,0.4,0.1,6.8,7.0,1.8,7.8
Keaton Wallace,ATL,36,12.2,4.2,2.2,1.3,0.9,0.6,0.1,5.5,6.4,3.5,7.7
Kasparas Jakučionis,MIA,18,14.7,3.9,1.7,2.1,0.9,0.5,0.0,6.0,5.6,3.8,7.7
Jabari Walker,PHI,40,12.7,3.9,0.5,3.3,0.4,0.3,0.3,7.2,4.4,3.8,7.7
Asa Newell,ATL,33,10.6,5.2,0.5,1.9,0.8,0.4,0.3,7.1,5.7,2.4,7.6
Zeke Nnaji,DEN,31,13.1,4.5,0.5,2.6,0.3,0.4,0.5,7.1,5.0,3.1,7.6
Tony Bradley,IND,36,11.4,4.1,0.6,2.9,0.0,0.1,0.2,7.0,4.7,3.5,7.6
Ethan Thompson,IND,19,16.0,4.4,1.4,1.8,0.8,0.5,0.3,6.2,5.8,3.2,7.6
Dwight Powell,DAL,30,14.2,3.1,1.0,3.5,0.0,0.5,0.4,6.6,4.1,4.5,7.6
Ochai Agbaji,TOR,36,16.3,4.5,0.8,2.3,0.3,0.4,0.3,6.8,5.3,3.1,7.6
Thomas Bryant,CLE,31,9.1,4.6,0.4,2.5,0.5,0.2,0.4,7.1,5.0,2.9,7.5
Justin Edwards,PHI,33,14.4,4.8,1.2,1.5,1.0,0.6,0.2,6.3,6.0,2.7,7.5
Brandon Clarke,MEM,2,10.2,4.0,0.5,3.0,0.0,1.0,0.0,7.0,4.5,3.5,7.5
Larry Nance Jr.,CLE,17,14.4,3.5,1.2,2.7,0.6,0.5,0.2,6.2,4.7,3.9,7.4
Jericho Sims,MIL,30,14.4,3.0,0.6,3.8,0.0,0.2,0.2,6.8,3.6,4.4,7.4
Tyrese Proctor,CLE,30,10.8,4.9,1.3,1.2,0.9,0.3,0.0,6.1,6.2,2.5,7.4
Liam McNeeley,CHA,27,12.4,4.3,0.9,2.2,0.8,0.2,0.1,6.5,5.2,3.1,7.4
A.J. Lawson,TOR,10,10.3,4.9,0.3,2.1,0.8,0.4,0.3,7.0,5.2,2.4,7.3
Jevon Carter,CHI,21,11.1,5.4,0.9,1.0,1.4,0.6,0.0,6.4,6.3,1.9,7.3
Keon Ellis,SAC,39,17.3,5.3,0.6,1.3,1.2,1.1,0.5,6.6,5.9,1.9,7.2
Gabe Vincent,LAL,22,20.0,5.0,1.3,0.9,1.4,0.4,0.0,5.9,6.3,2.2,7.2
John Konchar,MEM,25,13.1,3.0,1.3,2.8,0.4,1.0,0.3,5.8,4.3,4.1,7.1
Garrison Mathews,IND,15,13.1,5.2,0.7,1.1,1.1,0.4,0.2,6.3,5.9,1.8,7.0
Gui Santos,GSW,34,11.4,3.7,1.0,2.3,0.6,0.4,0.2,6.0,4.7,3.3,7.0
Josh Green,CHA,19,15.7,4.2,1.0,1.8,1.1,0.6,0.1,6.0,5.2,2.8,7.0
Jalen Wilson,BKN,28,13.8,5.3,0.5,1.2,1.0,0.3,0.1,6.5,5.8,1.7,7.0
Jett Howard,ORL,27,10.7,4.6,0.9,1.4,0.9,0.1,0.1,6.0,5.5,2.3,6.9
Dalton Knecht,LAL,36,12.5,4.8,0.4,1.6,0.8,0.2,0.3,6.4,5.2,2.0,6.8
Matisse Thybulle,POR,4,12.2,5.0,0.8,1.0,1.0,2.5,0.0,6.0,5.8,1.8,6.8
Jordan Hawkins,NOP,35,14.1,4.3,0.7,1.8,0.8,0.2,0.2,6.1,5.0,2.5,6.8
Nick Richards,PHX,28,9.1,3.2,0.3,3.3,0.0,0.1,0.5,6.5,3.5,3.6,6.8
Jaylen Clark,MIN,41,14.1,4.1,0.6,2.0,0.4,0.8,0.2,6.1,4.7,2.6,6.7
Kelly Olynyk,SAS,27,9.6,3.5,1.3,1.9,0.3,0.4,0.0,5.4,4.8,3.2,6.7
Ousmane Dieng,OKC,20,11.4,4.1,1.0,1.6,0.8,0.1,0.3,5.7,5.1,2.6,6.7
Rob Dillingham,MIN,32,9.8,3.6,1.8,1.2,0.3,0.5,0.1,4.8,5.4,3.0,6.6
Malaki Branham,WAS,24,9.6,4.1,0.9,1.6,0.3,0.4,0.1,5.7,5.0,2.5,6.6
Tyus Jones,ORL,42,16.1,3.1,2.4,1.1,0.6,0.7,0.1,4.2,5.5,3.5,6.6
Christian Koloko,ATL,13,15.5,2.2,0.8,3.5,0.0,0.8,1.0,5.7,3.0,4.3,6.5
Terrence Shannon Jr.,MIN,22,12.8,4.5,0.6,1.3,0.7,0.3,0.0,5.8,5.1,1.9,6.4
Drew Timme,LAL,9,8.2,4.1,1.0,1.3,0.6,0.3,0.0,5.4,5.1,2.3,6.4
Jamir Watkins,WAS,17,13.4,3.0,0.5,2.8,0.4,0.4,0.2,5.8,3.5,3.3,6.3
Eric Gordon,PHI,6,12.3,5.5,0.5,0.3,1.3,0.7,0.2,5.8,6.0,0.8,6.3
Bobi Klintman,DET,6,8.8,2.8,0.7,2.7,0.5,0.3,0.0,5.5,3.5,3.4,6.2
Dorian Finney-Smith,HOU,12,15.5,2.9,0.5,2.8,0.7,0.3,0.2,5.7,3.4,3.3,6.2
Cam Christie,LAC,29,10.2,3.7,0.6,1.8,0.3,0.3,0.1,5.5,4.3,2.4,6.1
Yanic Konan Niederhäuser,LAC,24,8.8,3.6,0.3,2.2,0.0,0.1,0.5,5.8,3.9,2.5,6.1
James Wiseman,IND,4,14.6,3.3,0.8,2.0,0.0,0.0,0.3,5.3,4.1,2.8,6.1
Dalen Terry,CHI,28,10.1,3.1,1.1,1.7,0.5,0.6,0.3,4.8,4.2,2.8,5.9
Jonathan Isaac,ORL,35,10.2,2.9,0.3,2.7,0.2,0.4,0.5,5.6,3.2,3.0,5.9
Mason Plumlee,CHA,14,8.9,1.9,1.1,2.9,0.0,0.4,0.0,4.8,3.0,4.0,5.9
Cody Martin,IND,4,13.8,1.8,0.5,3.5,0.0,1.0,0.5,5.3,2.3,4.0,5.8
Julian Strawther,DEN,22,9.7,3.8,0.7,1.3,0.3,0.2,0.0,5.1,4.5,2.0,5.8
Caleb Martin,DAL,37,11.6,2.5,1.4,1.9,0.1,0.6,0.1,4.4,3.9,3.3,5.8
Miles Kelly,DAL,8,9.5,3.6,0.6,1.5,0.9,0.3,0.0,5.1,4.2,2.1,5.7
Monte Morris,IND,6,10.8,3.0,1.5,1.2,0.3,0.2,0.2,4.2,4.5,2.7,5.7
David Jones Garcia,SAS,11,6.2,2.9,1.6,1.2,0.3,0.5,0.1,4.1,4.5,2.8,5.7
Kobe Brown,LAC,28,9.4,2.9,0.9,1.8,0.4,0.3,0.1,4.7,3.8,2.7,5.6
Guerschon Yabusele,NYK,36,9.4,2.9,0.5,2.2,0.6,0.1,0.1,5.1,3.4,2.7,5.6
Joan Beringer,MIN,18,6.9,3.2,0.3,2.1,0.0,0.2,0.4,5.3,3.5,2.4,5.6
Devin Carter,SAC,12,8.4,3.2,1.1,1.2,0.4,0.5,0.2,4.4,4.3,2.3,5.5
Jamison Battle,TOR,32,8.8,3.5,0.4,1.5,0.6,0.2,0.1,5.0,3.9,1.9,5.4
Baylor Scheierman,BOS,37,12.3,2.9,0.7,1.8,0.7,0.5,0.1,4.7,3.6,2.5,5.4
Kevin McCullar Jr.,NYK,12,7.3,2.3,1.3,1.7,0.5,0.3,0.0,4.0,3.6,3.0,5.3
Myron Gardner,MIA,16,6.3,3.1,0.6,1.6,0.5,0.3,0.1,4.7,3.7,2.2,5.3
Pat Connaughton,CHA,20,7.2,3.2,0.6,1.4,0.6,0.3,0.1,4.6,3.8,2.0,5.2
Gary Harris,MIL,32,14.6,2.7,1.0,1.5,0.6,0.6,0.2,4.2,3.7,2.5,5.2
Rayan Rupert,POR,37,11.6,2.7,0.7,1.7,0.4,0.5,0.1,4.4,3.4,2.4,5.1
Luke Travers,CLE,12,8.6,2.3,0.8,2.0,0.1,0.6,0.3,4.3,3.1,2.8,5.1
Alijah Martin,TOR,10,8.8,3.0,0.8,1.2,0.2,0.5,0.3,4.2,3.8,2.0,5.0
Chaz Lanier,DET,16,9.6,3.3,0.8,0.9,0.9,0.3,0.0,4.2,4.1,1.7,5.0
Chris Boucher,BOS,8,11.3,2.3,0.4,2.3,0.1,0.6,0.9,4.6,2.7,2.7,5.0
Keshad Johnson,MIA,18,7.9,2.9,0.1,1.9,0.3,0.3,0.2,4.8,3.0,2.0,4.9
Ariel Hukporti,NYK,28,9.0,1.6,0.6,2.7,0.0,0.2,0.6,4.3,2.2,3.3,4.9
Yang Hansen,POR,25,8.4,2.4,0.8,1.6,0.2,0.1,0.3,4.0,3.2,2.4,4.8
Kobe Bufkin,LAL,4,11.3,3.0,0.5,1.3,0.5,0.3,0.8,4.3,3.5,1.8,4.8
Hunter Tyson,DEN,17,7.8,2.4,0.7,1.6,0.4,0.1,0.1,4.0,3.1,2.3,4.7
Maxi Kleber,LAL,20,11.5,2.1,0.7,1.9,0.2,0.3,0.3,4.0,2.8,2.6,4.7
Xavier Tillman,BOS,13,8.4,2.4,0.4,1.9,0.2,0.5,0.2,4.3,2.8,2.3,4.7
Trey Alexander,NOP,5,8.3,2.8,1.0,0.8,0.4,0.2,0.2,3.6,3.8,1.8,4.6
Isaiah Livers,PHX,23,10.2,2.0,0.7,1.9,0.4,0.4,0.3,3.9,2.7,2.6,4.6
Antonio Reeves,CHA,6,8.8,3.5,0.3,0.8,0.8,0.2,0.0,4.3,3.8,1.1,4.6
Jae'Sean Tate,HOU,25,7.7,2.6,0.5,1.4,0.2,0.2,0.1,4.0,3.1,1.9,4.5
Doug McDermott,SAC,7,10.0,3.4,0.3,0.7,1.1,0.0,0.1,4.1,3.7,1.0,4.4
Duop Reath,POR,32,8.1,2.9,0.3,1.2,0.7,0.2,0.3,4.1,3.2,1.5,4.4
Emanuel Miller,CHI,5,6.6,3.0,0.8,0.6,0.4,0.4,0.0,3.6,3.8,1.4,4.4
Leonard Miller,MIN,17,5.1,2.6,0.3,1.4,0.1,0.2,0.0,4.0,2.9,1.7,4.3
Julian Phillips,CHI,30,9.7,2.8,0.2,1.3,0.5,0.5,0.2,4.1,3.0,1.5,4.3
Chris Livingston,CLE,3,5.8,3.0,0.3,1.0,0.0,0.3,0.0,4.0,3.3,1.3,4.3
Wendell Moore Jr.,DET,3,14.4,2.0,1.0,1.3,0.0,0.7,0.3,3.3,3.0,2.3,4.3
Ron Harper Jr.,BOS,5,5.2,2.2,0.8,1.2,0.6,0.2,0.4,3.4,3.0,2.0,4.2
Carter Bryant,SAS,34,8.1,2.3,0.2,1.6,0.3,0.2,0.1,3.9,2.5,1.8,4.1
Rasheer Fleming,PHX,24,7.0,2.6,0.2,1.3,0.3,0.3,0.3,3.9,2.8,1.5,4.1
Elijah Harkless,UTA,7,9.4,2.4,0.7,0.9,0.3,0.6,0.0,3.3,3.1,1.6,4.0
Daeqwon Plowden,SAC,1,14.0,2.0,0.0,2.0,0.0,0.0,0.0,4.0,2.0,2.0,4.0
Riley Minix,SAS,3,2.8,3.0,0.3,0.7,0.3,0.3,0.0,3.7,3.3,1.0,4.0
Jamal Cain,ORL,17,7.2,2.8,0.3,0.8,0.3,0.2,0.1,3.6,3.1,1.1,3.9
Johni Broome,PHI,7,5.7,1.4,0.6,1.9,0.0,0.3,0.0,3.3,2.0,2.5,3.9
JD Davison,HOU,20,7.2,2.0,1.0,0.8,0.3,0.3,0.2,2.8,3.0,1.8,3.8
Pete Nance,MIL,12,5.2,2.5,0.3,1.0,0.5,0.3,0.2,3.5,2.8,1.3,3.8
Mark Sears,MIL,7,3.7,3.1,0.3,0.3,0.6,0.0,0.0,3.4,3.4,0.6,3.7
Andre Jackson Jr.,MIL,17,6.9,1.8,1.1,0.8,0.2,0.3,0.1,2.6,2.9,1.9,3.7
Brooks Barnhizer,OKC,21,7.6,1.4,0.4,1.8,0.0,0.1,0.1,3.2,1.8,2.2,3.6
Jordan McLaughlin,SAS,18,6.0,2.3,0.7,0.6,0.4,0.5,0.0,2.9,3.0,1.3,3.6
Orlando Robinson,ORL,4,6.2,1.8,0.8,1.0,0.3,0.3,0.0,2.8,2.6,1.8,3.6
Jonathan Mogbo,TOR,18,6.1,1.5,0.6,1.5,0.0,0.1,0.2,3.0,2.1,2.1,3.6
Koby Brea,PHX,2,3.9,2.0,1.0,0.5,0.0,0.0,0.0,2.5,3.0,1.5,3.5
Lachlan Olbrich,CHI,10,7.3,0.4,0.9,2.1,0.0,0.0,0.0,2.5,1.3,3.0,3.4
Javonte Cooke,POR,8,6.6,1.5,0.9,1.0,0.3,0.5,0.0,2.5,2.4,1.9,3.4
Kam Jones,IND,11,7.5,1.9,0.8,0.7,0.1,0.3,0.0,2.6,2.7,1.5,3.4
AJ Johnson,WAS,23,7.1,1.7,0.6,1.1,0.2,0.2,0.0,2.8,2.3,1.7,3.4
Taelon Peter,IND,22,6.3,1.7,0.7,1.0,0.5,0.3,0.1,2.7,2.4,1.7,3.4
Mohamed Diawara,NYK,35,5.0,1.8,0.5,1.0,0.4,0.2,0.1,2.8,2.3,1.5,3.3
Lindy Waters III,SAS,26,7.2,2.1,0.4,0.8,0.6,0.2,0.0,2.9,2.5,1.2,3.3
Johnny Juzang,MIN,17,3.9,2.1,0.4,0.8,0.3,0.1,0.0,2.9,2.5,1.2,3.3
Jahmir Young,MIA,5,4.9,2.0,0.8,0.4,0.4,0.2,0.0,2.4,2.8,1.2,3.2
Amir Coffey,MIL,24,7.8,2.0,0.3,0.8,0.2,0.1,0.1,2.8,2.3,1.1,3.1
Chris Youngblood,OKC,28,5.1,1.9,0.3,0.9,0.5,0.1,0.0,2.8,2.2,1.2,3.1
Trey Jemison III,NYK,6,6.3,1.2,0.2,1.7,0.0,0.0,0.3,2.9,1.4,1.9,3.1
Nigel Hayes-Davis,PHX,23,7.8,1.4,0.3,1.3,0.1,0.3,0.0,2.7,1.7,1.6,3.0
Caleb Houstan,ATL,10,4.9,2.3,0.2,0.5,0.6,0.1,0.1,2.8,2.5,0.7,3.0
Bronny James,LAL,24,6.9,1.5,1.1,0.4,0.3,0.4,0.0,1.9,2.6,1.5,3.0
Trentyn Flowers,CHI,2,2.8,2.0,0.5,0.5,0.0,0.0,0.0,2.5,2.5,1.0,3.0
E.J. Liddell,BKN,8,4.4,1.8,0.0,1.1,0.3,0.0,0.0,2.9,1.8,1.1,2.9
Amari Williams,BOS,7,6.1,0.9,0.3,1.6,0.0,0.1,0.6,2.5,1.2,1.9,2.8
Adou Thiero,LAL,15,5.8,1.3,0.3,1.2,0.0,0.3,0.1,2.5,1.6,1.5,2.8
Jeff Green,HOU,15,4.4,2.1,0.1,0.5,0.5,0.0,0.1,2.6,2.2,0.6,2.7
Kyle Lowry,PHI,6,7.4,1.0,1.2,0.5,0.3,0.2,0.0,1.5,2.2,1.7,2.7
Harrison Ingram,SAS,3,3.6,1.7,0.0,1.0,0.3,0.0,0.0,2.7,1.7,1.0,2.7
Drew Peterson,CHA,6,10.7,0.8,0.3,1.5,0.0,0.5,0.2,2.3,1.1,1.8,2.6
Dario Šarić,SAC,5,8.2,1.0,0.4,1.2,0.2,0.0,0.0,2.2,1.4,1.6,2.6
N'Faly Dante,ATL,4,3.9,0.8,0.0,1.8,0.0,0.5,0.0,2.6,0.8,1.8,2.6
Khaman Maluach,PHX,18,4.7,1.3,0.2,1.0,0.0,0.1,0.4,2.3,1.5,1.2,2.5
Thanasis Antetokounmpo,MIL,13,3.1,1.7,0.1,0.5,0.0,0.5,0.2,2.2,1.8,0.6,2.3
Anthony Gill,WAS,19,3.8,1.5,0.0,0.8,0.2,0.1,0.1,2.3,1.5,0.8,2.3
Isaac Jones,DET,4,4.6,1.3,0.3,0.5,0.0,0.0,0.0,1.8,1.6,0.8,2.1
Patrick Baldwin Jr.,LAC,1,5.3,2.0,0.0,0.0,0.0,0.0,0.0,2.0,2.0,0.0,2.0
Hunter Dickinson,NOP,1,4.7,2.0,0.0,0.0,0.0,0.0,1.0,2.0,2.0,0.0,2.0
Jacob Toppin,ATL,5,3.4,1.6,0.2,0.2,0.0,0.0,0.2,1.8,1.8,0.4,2.0
Jahmai Mashack,MEM,7,3.5,0.9,0.3,0.7,0.3,0.1,0.0,1.6,1.2,1.0,1.9
Curtis Jones,DEN,5,4.4,0.8,0.2,0.8,0.0,0.0,0.0,1.6,1.0,1.0,1.8
Joe Ingles,MIN,13,4.1,0.5,0.8,0.4,0.1,0.5,0.0,0.9,1.3,1.2,1.7
Hunter Sallis,PHI,7,3.7,1.0,0.6,0.1,0.0,0.0,0.1,1.1,1.6,0.7,1.7
Bismack Biyombo,SAS,11,5.9,0.8,0.3,0.6,0.0,0.3,0.1,1.4,1.1,0.9,1.7
Tyson Etienne,BKN,8,4.3,1.5,0.1,0.0,0.5,0.0,0.0,1.5,1.6,0.1,1.6
LJ Cryer,GSW,2,2.3,1.5,0.0,0.0,0.5,0.0,0.0,1.5,1.5,0.0,1.5
Chucky Hepburn,TOR,2,6.6,0.0,1.0,0.5,0.0,0.5,0.0,0.5,1.0,1.5,1.5
Pacôme Dadiet,NYK,17,3.0,0.5,0.4,0.6,0.0,0.1,0.0,1.1,0.9,1.0,1.5
Malevy Leons,GSW,2,2.3,0.0,0.0,1.5,0.0,0.0,0.0,1.5,0.0,1.5,1.5
Vladislav Goldin,MIA,1,0.9,0.0,1.0,0.0,0.0,0.0,0.0,0.0,1.0,1.0,1.0
Mo Bamba,TOR,2,2.9,0.0,0.0,1.0,0.0,0.0,0.5,1.0,0.0,1.0,1.0
Garrett Temple,TOR,12,2.8,0.3,0.3,0.3,0.1,0.3,0.1,0.6,0.6,0.6,0.9
Chris Mañon,LAL,4,3.4,0.0,0.0,0.8,0.0,0.3,0.5,0.8,0.0,0.8,0.8
Jahmyl Telfort,LAC,8,4.0,0.1,0.1,0.4,0.0,0.1,0.0,0.5,0.2,0.5,0.6
Tosan Evbuomwan,NYK,5,1.5,0.0,0.0,0.4,0.0,0.0,0.0,0.4,0.0,0.4,0.4
Isaiah Crawford,HOU,2,2.3,0.0,0.0,0.0,0.0,0.0,0.0,0.0,0.0,0.0,0.0
Noa Essengue,CHI,2,3.0,0.0,0.0,0.0,0.0,0.5,0.0,0.0,0.0,0.0,0.0
Sharife Cooper,WAS,4,2.5,0.0,0.0,0.0,0.0,0.0,0.0,0.0,0.0,0.0,0.0
